cust_id,gender
3500,0.3925610797809949
3501,0.2135931557486961
3502,0.19604341316196566
3503,0.3479183513954394
3504,0.3713137872117263
3505,0.36322699542564396
3506,0.25276523527407874
3507,0.4237796968875513
3508,0.364562733346074
3509,0.2515387949436485
3510,0.2169877810814166
3511,0.3445439359887854
3512,0.3581071328016408
3513,0.26140022372114585
3514,0.3820677739676918
3515,0.25880466041450156
3516,0.19209542135246668
3517,0.30956376025862764
3518,0.4103211279963997
3519,0.46156500794083305
3520,0.34775570455479465
3521,0.377785122296777
3522,0.4046690674462143
3523,0.22836303926831195
3524,0.2733773824057986
3525,0.40126323633506805
3526,0.24834145704760544
3527,0.5568218409833683
3528,0.36535013916068004
3529,0.3532573653859303
3530,0.29789758594283045
3531,0.5314806300212294
3532,0.2545888055334201
3533,0.31617072260373846
3534,0.45798573662226416
3535,0.37593819241563425
3536,0.5520656749975524
3537,0.34471666435298975
3538,0.36082135531872417
3539,0.41150540695565696
3540,0.2180661150588536
3541,0.27257839943725093
3542,0.3260106704169392
3543,0.3822123477965007
3544,0.3454522171980831
3545,0.32137262674465833
3546,0.21580868192673058
3547,0.18935700294848143
3548,0.4280693728775713
3549,0.2777449643483207
3550,0.3547954429798647
3551,0.4610237290146674
3552,0.3751932457367181
3553,0.3053461266819785
3554,0.28998418869342685
3555,0.2472385383083059
3556,0.3880712057590771
3557,0.27373953403844625
3558,0.22449963485690574
3559,0.24243986152865926
3560,0.38386560877984055
3561,0.3175317011349517
3562,0.3179570150368472
3563,0.27813717126914844
3564,0.3663724521001226
3565,0.4051204297690525
3566,0.18484062681575067
3567,0.42222054284230154
3568,0.31096309722420057
3569,0.4559522635053845
3570,0.21682857676823133
3571,0.33708754103316063
3572,0.4222848403018804
3573,0.31645386085739036
3574,0.29851954201087627
3575,0.4351512885446175
3576,0.4047213512639879
3577,0.29326472227012823
3578,0.33335904584737625
3579,0.1848269577270961
3580,0.37212583360860096
3581,0.47911460773840386
3582,0.42694556578748966
3583,0.37560156510095766
3584,0.39095093325250907
3585,0.23761709292407363
3586,0.15549112990755615
3587,0.20143325028104542
3588,0.2553904970630514
3589,0.36539702183089706
3590,0.32750448944587063
3591,0.2608285316400291
3592,0.3998944550214611
3593,0.4278359144062432
3594,0.29011834516420054
3595,0.34121748236721033
3596,0.31971184128012514
3597,0.26524164448183096
3598,0.33267766829063716
3599,0.4185528003004275
3600,0.32714099669682334
3601,0.2573126853930455
3602,0.31377284045261983
3603,0.22451049912910434
3604,0.36164476194111167
3605,0.3047910858374585
3606,0.31707185485338857
3607,0.27970148629862995
3608,0.30422966154105857
3609,0.33091696532567255
3610,0.35887136528138863
3611,0.37300869409236204
3612,0.4269660897421604
3613,0.2618520099288121
3614,0.43668930203016343
3615,0.2496655532173073
3616,0.38539138994048794
3617,0.4669034450070433
3618,0.4078650874445971
3619,0.1903410182585747
3620,0.32167085951760255
3621,0.31078336733462275
3622,0.3898368905276229
3623,0.4235088731650278
3624,0.24726845599370278
3625,0.3987560394729654
3626,0.38383382397138704
3627,0.25604940426747824
3628,0.42399905326653153
3629,0.24614707647571543
3630,0.24150839656524437
3631,0.4333626902924747
3632,0.30618663781120253
3633,0.23466192871991823
3634,0.22113668979242262
3635,0.29306464609865585
3636,0.37807313650237995
3637,0.3213302784262622
3638,0.34443711514902825
3639,0.5262726940924248
3640,0.39408221558778855
3641,0.1733486195234151
3642,0.571742848593062
3643,0.2766028152242954
3644,0.31199918203855787
3645,0.26592127900578966
3646,0.2593078090100557
3647,0.3413528097251996
3648,0.43476902096691405
3649,0.3262929671441143
3650,0.2729965411892646
3651,0.3844744981610551
3652,0.26852257354804704
3653,0.3960476287428334
3654,0.36405190344503263
3655,0.36777430476699224
3656,0.3778060982771436
3657,0.3603426407921343
3658,0.19793571770528653
3659,0.18566117546940789
3660,0.24437535231075663
3661,0.34979921024423044
3662,0.25070153025220504
3663,0.3860454642615247
3664,0.4121760349267029
3665,0.41351804041053214
3666,0.45791096639786544
3667,0.26111150107904363
3668,0.26059138892115613
3669,0.3842647227575079
3670,0.31410214136147196
3671,0.4888706649656309
3672,0.21088307758046926
3673,0.36219862618395476
3674,0.378982432317567
3675,0.3125079187928547
3676,0.2608337091453259
3677,0.4240293964879463
3678,0.21890937919242556
3679,0.30753982957203635
3680,0.2667878899863019
3681,0.4099838012278638
3682,0.37653527878228416
3683,0.2290676493429924
3684,0.3284812127408945
3685,0.35643530240795035
3686,0.25861766387519275
3687,0.3157903513890546
3688,0.2870131689300747
3689,0.4418792575659251
3690,0.3197827163883936
3691,0.19058743579834544
3692,0.2995646962690211
3693,0.2666504069972556
3694,0.2682002492182832
3695,0.5791696681185396
3696,0.43710715396078187
3697,0.32947052029519774
3698,0.29346736082658287
3699,0.2884930378575385
3700,0.26978363207441786
3701,0.26717402931423384
3702,0.3195930143810836
3703,0.42093519392860057
3704,0.3832140034313629
3705,0.3836635560015247
3706,0.2618435643611695
3707,0.24491261621488225
3708,0.17766939359470574
3709,0.26829555965301166
3710,0.29353175947539306
3711,0.22334983884606335
3712,0.3886199492240069
3713,0.2552598518146858
3714,0.3511529173619908
3715,0.21389747483025232
3716,0.26566593957665274
3717,0.3735000935260384
3718,0.18979846011862223
3719,0.2537527373734636
3720,0.3843824226283384
3721,0.40434735093913604
3722,0.2410153172185617
3723,0.36370071311202573
3724,0.2928574875061176
3725,0.35718359507904957
3726,0.4065986860736737
3727,0.3764211005319473
3728,0.36538745997462285
3729,0.42669569202180213
3730,0.3474514040418113
3731,0.34412208737002586
3732,0.3607788014277763
3733,0.5546797738731011
3734,0.2587809617817036
3735,0.2670149296166415
3736,0.2412307616779902
3737,0.4352420527929099
3738,0.25899194284470367
3739,0.45795279256797145
3740,0.39501160337786956
3741,0.43461685094954416
3742,0.34011929532601903
3743,0.21745157136895954
3744,0.3149861500137618
3745,0.2417954082845235
3746,0.3791147122577335
3747,0.2812893391980855
3748,0.16330060168987873
3749,0.3830656419809039
3750,0.27182690120267483
3751,0.38490260567550133
3752,0.21502320099936573
3753,0.4752705054707732
3754,0.346811514754081
3755,0.502261295490562
3756,0.38655764197751075
3757,0.3101276047736105
3758,0.35336620432009447
3759,0.29775747502363975
3760,0.18597340502543905
3761,0.3441046638124475
3762,0.27895819417940687
3763,0.18123100285931926
3764,0.40038971121591266
3765,0.2041966657187063
3766,0.41677964558696023
3767,0.3730941899585605
3768,0.26967505870892594
3769,0.3213170804025134
3770,0.4306820381648649
3771,0.24443400342969882
3772,0.42278740610662874
3773,0.31961160742970746
3774,0.25288127963053825
3775,0.4373453362297526
3776,0.4414986246144826
3777,0.31283246731586056
3778,0.28017157352835137
3779,0.30069307227854464
3780,0.3789003164918907
3781,0.4064446340787803
3782,0.3624696850179114
3783,0.24071170296504518
3784,0.39249641322117645
3785,0.4619804269337995
3786,0.3310076832029899
3787,0.42055731549117403
3788,0.35765411164576194
3789,0.28801031079784467
3790,0.25087440908857567
3791,0.2211789499753885
3792,0.4291217682701555
3793,0.36270059750457084
3794,0.27835315204566197
3795,0.38392782918073187
3796,0.176771752896221
3797,0.3839728713218911
3798,0.3824707781976228
3799,0.3336275233235492
3800,0.1667629374081604
3801,0.26081965626935827
3802,0.24721351379916176
3803,0.2612705401539506
3804,0.2511392857115016
3805,0.39616865199544454
3806,0.3698333605608875
3807,0.19767984813411923
3808,0.4146780815255557
3809,0.234047876695061
3810,0.26250755945389564
3811,0.460638092950478
3812,0.3806119465517059
3813,0.40616509304060544
3814,0.27164426739488884
3815,0.4353985974929124
3816,0.38385674773644124
3817,0.20657183497141574
3818,0.3295830488729601
3819,0.3118227276610444
3820,0.312698432654828
3821,0.4519440826236954
3822,0.2304500524041644
3823,0.28999864303997813
3824,0.24024317549462265
3825,0.4138461434725011
3826,0.29313826370105306
3827,0.36679153485913873
3828,0.2647737038138659
3829,0.4087503794261195
3830,0.6001208361324435
3831,0.26361224136159583
3832,0.21562070044143006
3833,0.18333415597914077
3834,0.2703269236388973
3835,0.21502961624604397
3836,0.24759945512212334
3837,0.27144070925724817
3838,0.4058131076825782
3839,0.372301398037383
3840,0.3418569032037766
3841,0.28109904274759534
3842,0.2752812400348674
3843,0.2783325537164403
3844,0.3564473926833865
3845,0.21029456200071114
3846,0.2694790774446523
3847,0.246630612155467
3848,0.29118145236108367
3849,0.45351521168646075
3850,0.2177208583773841
3851,0.26638623920794624
3852,0.395540920381279
3853,0.36139798564523073
3854,0.26637712286011045
3855,0.21853905819937647
3856,0.40366058517800046
3857,0.27247774366437627
3858,0.26135014078714297
3859,0.3504090360420654
3860,0.449437432313279
3861,0.2098950204695131
3862,0.3451137325282139
3863,0.3826976421156272
3864,0.43892515465747045
3865,0.4029689675279103
3866,0.37241043341852786
3867,0.33042102651730176
3868,0.34957243440491
3869,0.38579189526446905
3870,0.2838928392906289
3871,0.31406463084008707
3872,0.4116080752977549
3873,0.3361035542261414
3874,0.38085897922420675
3875,0.19668860780549857
3876,0.31166849503931054
3877,0.35786500963844553
3878,0.42427827093808157
3879,0.3800531341080822
3880,0.3123683662419279
3881,0.18432626018224943
3882,0.2948382449811884
3883,0.325306579591693
3884,0.2332604069690834
3885,0.37496453234180005
3886,0.45314196020998376
3887,0.2740403293212736
3888,0.28380580569306796
3889,0.2585684959099979
3890,0.40894074274581926
3891,0.2676078613156754
3892,0.1837403048987738
3893,0.22842220468435925
3894,0.1679949234275042
3895,0.15413387407745924
3896,0.2195293305515908
3897,0.2204683335636598
3898,0.38381836800659486
3899,0.26190237352129075
3900,0.39827743572652907
3901,0.40079370332225955
3902,0.2928752912820453
3903,0.28424471491580877
3904,0.25002929750919045
3905,0.2517181725551523
3906,0.5188379741685027
3907,0.2028432265457057
3908,0.2774331429286192
3909,0.4580905685696727
3910,0.2508230912389187
3911,0.18734378446342592
3912,0.42228399009015755
3913,0.43079365376439177
3914,0.23291872733130198
3915,0.27036701599440804
3916,0.25632884882777657
3917,0.41348641816583237
3918,0.4209114484720262
3919,0.2218492286415647
3920,0.5604707200136102
3921,0.29333338251485214
3922,0.38348138178442964
3923,0.46825133918385864
3924,0.421139951903989
3925,0.19380605516670546
3926,0.27929216455158273
3927,0.21340110720579147
3928,0.3871258572019047
3929,0.3507985627531328
3930,0.3967004572294864
3931,0.20966560878372684
3932,0.3810913343840546
3933,0.41782205072634016
3934,0.17128578137142317
3935,0.25165629924714933
3936,0.1795192587618197
3937,0.262292521840934
3938,0.329457577938107
3939,0.3475520467944689
3940,0.40181212970234365
3941,0.2969937154166233
3942,0.17619817078565306
3943,0.3271798078020829
3944,0.18072401679743438
3945,0.33576492561583654
3946,0.37109061137397176
3947,0.16227043814333483
3948,0.31861378225821096
3949,0.3903506921881178
3950,0.33079450286405937
3951,0.3622581845119101
3952,0.33338841462211977
3953,0.3398993762268159
3954,0.5765556123952401
3955,0.33764729366713175
3956,0.3059921762298597
3957,0.20565301605044728
3958,0.349757540912695
3959,0.2546090481248458
3960,0.4068540556896552
3961,0.521968706291037
3962,0.4298693924091667
3963,0.2084994002860445
3964,0.34449965394141047
3965,0.4051655730768939
3966,0.24245782708078578
3967,0.24378700869472028
3968,0.41778646210463355
3969,0.2636704624203713
3970,0.2578815815698874
3971,0.19142919870011807
3972,0.4418792575659251
3973,0.6003880542044205
3974,0.28085984871828856
3975,0.4426289983853781
3976,0.3581839864743028
3977,0.3003648798756411
3978,0.34726710476616135
3979,0.5276202040997632
3980,0.277478695523035
3981,0.2362344317247933
3982,0.30516052553065776
3983,0.3735189004002419
3984,0.28320765957550764
3985,0.19904241602013395
3986,0.21127737628569282
3987,0.21853679071036347
3988,0.28840377738878764
3989,0.44770805922975304
3990,0.23356032662215528
3991,0.3560327483650777
3992,0.18367193269076165
3993,0.2561745672068522
3994,0.23041026779390603
3995,0.3112073537039388
3996,0.2729406892904158
3997,0.3076232517485749
3998,0.4490842096604717
3999,0.6026434307034383
4000,0.26326169401233157
4001,0.33000370005574686
4002,0.3328830394973764
4003,0.1869523423812259
4004,0.32211130573810093
4005,0.228227011323557
4006,0.4371008266391713
4007,0.3725932942862572
4008,0.3350214101379542
4009,0.3414419070624183
4010,0.3203798578701612
4011,0.386678852806934
4012,0.2906878834558205
4013,0.46541622682683004
4014,0.2587410260401238
4015,0.3428665126619063
4016,0.267701614521331
4017,0.405818115823319
4018,0.3651726295770684
4019,0.32395239232561496
4020,0.2157832635702664
4021,0.3501387775754712
4022,0.4009719512519627
4023,0.28867142472773993
4024,0.3769532475585916
4025,0.3446987567408866
4026,0.45968892556664676
4027,0.41721713233665786
4028,0.30487959832360584
4029,0.25102460743154986
4030,0.1486812454188854
4031,0.24048603191057155
4032,0.3486637980261033
4033,0.410696217061862
4034,0.3481381167954913
4035,0.3264816090727382
4036,0.3452173836705906
4037,0.18366649062288695
4038,0.29742043953497743
4039,0.1945916668789891
4040,0.4899671258281456
4041,0.31839750884033474
4042,0.2189326674355447
4043,0.24167136173272716
4044,0.3891634191146989
4045,0.4675734640742787
4046,0.2993188388832549
4047,0.2921398221416288
4048,0.3843222558808672
4049,0.3052372291900635
4050,0.19167110128823708
4051,0.33703929872434535
4052,0.2586482695024364
4053,0.2555244192100391
4054,0.3754470944223224
4055,0.4284743697325119
4056,0.4418792575659251
4057,0.33025895132954713
4058,0.38743748136893613
4059,0.5865865587570098
4060,0.3356642994374422
4061,0.3582342972753186
4062,0.39981338711288783
4063,0.26652239407195105
4064,0.3665894317124406
4065,0.56317538650558
4066,0.2535474862122174
4067,0.291428522958395
4068,0.18711318181203596
4069,0.3736564152327771
4070,0.2446119234326857
4071,0.34159651899084104
4072,0.23411144218413157
4073,0.21976028900484146
4074,0.2403700829402792
4075,0.3028091615398023
4076,0.3564669945167159
4077,0.27589252605538334
4078,0.44366362086339606
4079,0.44143669967868343
4080,0.45082525720329897
4081,0.21512943111390065
4082,0.2580310453045721
4083,0.3031751196384987
4084,0.46599036314715897
4085,0.3456184052402852
4086,0.4151249531999367
4087,0.3507309620620419
4088,0.3230292717157204
4089,0.22119978287234413
4090,0.3111748887069683
4091,0.4230656019536027
4092,0.3947077037530433
4093,0.40473486972837813
4094,0.2715292703967503
4095,0.17615575342238723
4096,0.37496190150899616
4097,0.41947172003799926
4098,0.3677460053133136
4099,0.4391727944772821
4100,0.4174883187284514
4101,0.3521929820261988
4102,0.27637107364629887
4103,0.25162136117835154
4104,0.21610997631514178
4105,0.4138923806537283
4106,0.16135697690166795
4107,0.328332601450789
4108,0.2721562892739116
4109,0.34836434889600015
4110,0.2139631632150148
4111,0.46714395131243824
4112,0.2937044411478487
4113,0.2741640571438502
4114,0.37907108307765347
4115,0.3749081307013242
4116,0.3899414233011035
4117,0.4328624836474695
4118,0.20733946624095762
4119,0.3292873297039314
4120,0.38864486461861475
4121,0.5529231920714447
4122,0.3843521260319236
4123,0.3657542514668159
4124,0.5780907433746253
4125,0.2934124771116631
4126,0.2045704135788894
4127,0.2816942879041018
4128,0.1700009491021525
4129,0.4064618394609185
4130,0.31958968795002857
4131,0.371968514267661
4132,0.32125442803554405
4133,0.21230107353273048
4134,0.38190604181119076
4135,0.24271238561248076
4136,0.35070734055823977
4137,0.23129252162326314
4138,0.3110217902161567
4139,0.3563838568179561
4140,0.4271897221369128
4141,0.2598928544994804
4142,0.2507712689417665
4143,0.31383689606040927
4144,0.5588283928631256
4145,0.569899266123469
4146,0.30100158711339114
4147,0.3794272519838139
4148,0.3599153858823317
4149,0.39780177762535646
4150,0.2586374197734084
4151,0.3992586604718858
4152,0.3973527404667573
4153,0.4190895478716223
4154,0.3334979025589561
4155,0.2613578511367756
4156,0.28027541068606354
4157,0.2650115576906475
4158,0.40016663930064955
4159,0.16742387667331568
4160,0.43229055711124476
4161,0.25194555157387544
4162,0.4274000782547617
4163,0.28586891829093497
4164,0.4248910467087743
4165,0.3866391939350963
4166,0.3710026691208942
4167,0.441423742188012
4168,0.40391970452233267
4169,0.22627276278775785
4170,0.3229697319524527
4171,0.3820217133791506
4172,0.2588772262396333
4173,0.33072003547505413
4174,0.3570279690430883
4175,0.25330329573589466
4176,0.37341323588754455
4177,0.24049705281271863
4178,0.33323512832586194
4179,0.17532468080049404
4180,0.24729097970714772
4181,0.1527750382544053
4182,0.3207443243879907
4183,0.2211579887327335
4184,0.22365266997241648
4185,0.18736986045870727
4186,0.27109803728112447
4187,0.21310730324783453
4188,0.42728919483090927
4189,0.34586026378780893
4190,0.1878134688782047
4191,0.41804093228981026
4192,0.4322244344414321
4193,0.3867811774920714
4194,0.3759681517554591
4195,0.47661144077937195
4196,0.4379635343445324
4197,0.34645248170536064
4198,0.3800943437500957
4199,0.21056638755083948
4200,0.3832264716704045
4201,0.38589296857913696
4202,0.19722556868564975
4203,0.4131524862658814
4204,0.3637055192223969
4205,0.2002788477338729
4206,0.5910887287169406
4207,0.2895376288852448
4208,0.24391177698930203
4209,0.3704588615152993
4210,0.2809556288778967
4211,0.32490980967729677
4212,0.4399555582557765
4213,0.24721473613658024
4214,0.2584947857346079
4215,0.28267184819302577
4216,0.3545697583748625
4217,0.2277669425043521
4218,0.3774849102386877
4219,0.4159767782858011
4220,0.45791096639786544
4221,0.3316346355617443
4222,0.39850428569596674
4223,0.18472680199250135
4224,0.1850587252149908
4225,0.27731673274948493
4226,0.3403957649707731
4227,0.35096407421378145
4228,0.29371249581027675
4229,0.38672062364977705
4230,0.4057196307417093
4231,0.31689641816984293
4232,0.3697791296885075
4233,0.27865852948100167
4234,0.3499046902546272
4235,0.4441513884709743
4236,0.25268539981371324
4237,0.4129484816831885
4238,0.4287587388444901
4239,0.3305230627863858
4240,0.21884994441996686
4241,0.1843809353225588
4242,0.1965723988581515
4243,0.24267043322679552
4244,0.3137928370986154
4245,0.3087727992482241
4246,0.45051549162323745
4247,0.4180124980829964
4248,0.20290340546757635
4249,0.40475419566742654
4250,0.21068995875060711
4251,0.3670173543414746
4252,0.1991671195526261
4253,0.35048468114597825
4254,0.278574716906426
4255,0.32827559717210697
4256,0.19436670946049525
4257,0.3915885872064068
4258,0.45076871698431875
4259,0.6270294617661052
4260,0.418628870716316
4261,0.22747932764959458
4262,0.20759058220704962
4263,0.3587737063389937
4264,0.2734830893629105
4265,0.13557069240852018
4266,0.5836865497816927
4267,0.2768300627250413
4268,0.13576736687464508
4269,0.27062057825339436
4270,0.363968047468274
4271,0.2624982845139858
4272,0.19121062109018602
4273,0.5342985666093365
4274,0.42784925972622245
4275,0.3726452352292545
4276,0.4108667403563399
4277,0.37415237151497954
4278,0.2292642617328098
4279,0.4087466363366438
4280,0.4154486717924005
4281,0.3115233339073621
4282,0.26977063666482054
4283,0.3980425112846698
4284,0.4188361130035708
4285,0.3879673495645389
4286,0.29726962820705755
4287,0.40570331552585315
4288,0.32620035986957263
4289,0.4144996627451692
4290,0.24612043983555007
4291,0.2370463931691198
4292,0.5583104058778847
4293,0.35032497003924495
4294,0.21013480734720105
4295,0.2285018036960848
4296,0.3987354666669588
4297,0.3246428930969964
4298,0.25166579456208515
4299,0.3920301973421285
4300,0.17714868320900076
4301,0.23325594675905514
4302,0.15432199665836202
4303,0.2741097929601406
4304,0.37520732505907917
4305,0.3937855618049687
4306,0.41433144254137
4307,0.23323592598081933
4308,0.2606830802809234
4309,0.24376054716122933
4310,0.25693324839982784
4311,0.42348732346597673
4312,0.33637683249919176
4313,0.3627476329573927
4314,0.26985014086876236
4315,0.36374582101943687
4316,0.3810376072160665
4317,0.42643928458856395
4318,0.26369823508526785
4319,0.3852347106701035
4320,0.26767483626194727
4321,0.31923146992855345
4322,0.23954689831403211
4323,0.2826528304518512
4324,0.39555791655673594
4325,0.3586553806369672
4326,0.3990251271184432
4327,0.3924412990386705
4328,0.24947237429255087
4329,0.26324235167069654
4330,0.30324937330427937
4331,0.3323384697862095
4332,0.4414324399773066
4333,0.3592585383640228
4334,0.2635678162466027
4335,0.23262442960981677
4336,0.380259293401166
4337,0.42339413339679893
4338,0.38047161345008457
4339,0.19944491451770793
4340,0.24087275063617156
4341,0.40416858549935525
4342,0.4246189489067876
4343,0.21792198239443597
4344,0.3821598004408584
4345,0.2642885202498962
4346,0.160696749078837
4347,0.3707553308694663
4348,0.3971831809764631
4349,0.44667828583726404
4350,0.2584283794891352
4351,0.20563262926503562
4352,0.35400419154125806
4353,0.3632295996996497
4354,0.31473749319638145
4355,0.26324825561302584
4356,0.42512089770226635
4357,0.3544796536850108
4358,0.35635329216249345
4359,0.3973952853038077
4360,0.4932597022706915
4361,0.43348698127672736
4362,0.254317595129788
4363,0.34121078880635003
4364,0.31073797387347923
4365,0.335308269635916
4366,0.19085713526386577
4367,0.3054471894130762
4368,0.16834318092576012
4369,0.37224583350857166
4370,0.2771712700031016
4371,0.4011297745886585
4372,0.4411557422044075
4373,0.409609335489294
4374,0.2962352329292271
4375,0.3787930287737376
4376,0.36477075933924963
4377,0.24698428950343831
4378,0.27392574193653946
4379,0.3542125668612006
4380,0.4076608303167833
4381,0.23282384985319143
4382,0.37068116004759216
4383,0.4139827761453549
4384,0.3791408743176423
4385,0.3142126521475255
4386,0.2560349696725773
4387,0.44290472093175703
4388,0.40943571947623425
4389,0.4460030006197968
4390,0.2999055591734077
4391,0.31885915837218815
4392,0.35975888131804745
4393,0.22485047754667328
4394,0.2421001856945164
4395,0.36526153063463473
4396,0.397574766021048
4397,0.2684381378180931
4398,0.43278941340642574
4399,0.23716624063759031
4400,0.2736836292013311
4401,0.2942128157273626
4402,0.36527283281727063
4403,0.3004985660678361
4404,0.32261017119355384
4405,0.42471265595537583
4406,0.34798117233790116
4407,0.4006461256804584
4408,0.37277955046836064
4409,0.3342362058291883
4410,0.4341908255760071
4411,0.3632499388920458
4412,0.15768134306017775
4413,0.26729566568664537
4414,0.36558511844767466
4415,0.2762814077965907
4416,0.37783942967559914
4417,0.30673898153479245
4418,0.2621146978113361
4419,0.2815809769944961
4420,0.23726213899026938
4421,0.29176859812366734
4422,0.43679435828793683
4423,0.3811010333481539
4424,0.47045870267593776
4425,0.3084128842703715
4426,0.29747358039335925
4427,0.2352038746552056
4428,0.35770563047860626
4429,0.36890718301429437
4430,0.3412704110833037
4431,0.4496237743573508
4432,0.41711355741391953
4433,0.17732682632056868
4434,0.27528192086382763
4435,0.42768191492959823
4436,0.25766469022682936
4437,0.27927742033422354
4438,0.28041648254302276
4439,0.4368047666148389
4440,0.22621153283036388
4441,0.18167706572209041
4442,0.2855751582499087
4443,0.22505239498005125
4444,0.42977099447873324
4445,0.4339199749975379
4446,0.3671600508140412
4447,0.3557676044802646
4448,0.2870016093879562
4449,0.26553156710158127
4450,0.25717443262448564
4451,0.4069571729462879
4452,0.43586586415851364
4453,0.2927371392152098
4454,0.38092798695123087
4455,0.28448331743186955
4456,0.3175888167462529
4457,0.26767593634728337
4458,0.1933938722508152
4459,0.2772664082409671
4460,0.30700624151117445
4461,0.30679706305791876
4462,0.3773929182863347
4463,0.3888659721300575
4464,0.17753858784701573
4465,0.34115879916111735
4466,0.3916422747445409
4467,0.25598836961630683
4468,0.472112021445748
4469,0.3361631862996608
4470,0.21563889465813355
4471,0.3237196056051973
4472,0.5201774931246175
4473,0.38048420489051415
4474,0.21887508863584496
4475,0.4377866109864966
4476,0.3843267220217524
4477,0.19048205637482302
4478,0.441423742188012
4479,0.3564250903293209
4480,0.2890969485435136
4481,0.1635715897251491
4482,0.3499578282429517
4483,0.26218376670498367
4484,0.40928643518785107
4485,0.25169236941607676
4486,0.1879878944562671
4487,0.2612967091717
4488,0.2639998893748736
4489,0.32003121416707536
4490,0.19395807006513954
4491,0.2925377494680952
4492,0.41381317425612374
4493,0.39937415305016927
4494,0.19317759276187957
4495,0.2829439740242366
4496,0.2649141750605359
4497,0.5965732530312597
4498,0.3574780205104343
4499,0.38000270681419046
4500,0.47585251407639306
4501,0.2837241290696907
4502,0.3101053012243854
4503,0.3345394189378559
4504,0.2681426819462017
4505,0.590290944009041
4506,0.28130794435545703
4507,0.21970204740763333
4508,0.3640342308516975
4509,0.2713792381190544
4510,0.21115640712223524
4511,0.3116822181709271
4512,0.60014094465282
4513,0.3221313352932198
4514,0.38229501089924695
4515,0.3023079346000073
4516,0.2982498424072755
4517,0.2876287872196318
4518,0.330988120301992
4519,0.4195425425402407
4520,0.43548492383208603
4521,0.3331992650976887
4522,0.18529174110742072
4523,0.17940272974513938
4524,0.445430194867611
4525,0.4400318981577783
4526,0.3399670043580795
4527,0.2056067467426019
4528,0.411457576265793
4529,0.32245662471900255
4530,0.45581219211333407
4531,0.3977773655908379
4532,0.37684907321312333
4533,0.3782069296089103
4534,0.4242993980983157
4535,0.19573228589677938
4536,0.3884545723619818
4537,0.3222300886056761
4538,0.27483648364559954
4539,0.39611522263543686
4540,0.37911074927103805
4541,0.30207550440736947
4542,0.3579156890802819
4543,0.29525142348611616
4544,0.22431082512274597
4545,0.2839777203884468
4546,0.29512050379316895
4547,0.2368606632827709
4548,0.24664000797352265
4549,0.31905392410502614
4550,0.2651947037467099
4551,0.4017398848526196
4552,0.28485812381202763
4553,0.38355269377004253
4554,0.38005503343602354
4555,0.26079305613903725
4556,0.4020103717059462
4557,0.3242044535941952
4558,0.3553297751749144
4559,0.19036856848695013
4560,0.35899418110163883
4561,0.16231335895586568
4562,0.35219324820909764
4563,0.365420931359669
4564,0.21865283978286684
4565,0.44731332279131125
4566,0.28068175848613774
4567,0.3871110934728067
4568,0.3470094481468368
4569,0.36715394989068145
4570,0.29633958985648173
4571,0.2858124776120962
4572,0.2563077270386821
4573,0.24223789134140522
4574,0.3788888472646235
4575,0.42717619408178104
4576,0.2985547940393265
4577,0.3662734743427039
4578,0.3155422682844064
4579,0.24753232164433392
4580,0.2666406009971704
4581,0.36162353838285605
4582,0.2741852190061239
4583,0.5628231965915775
4584,0.23306839996505288
4585,0.422549824574255
4586,0.373410553578735
4587,0.3483789127557001
4588,0.3116383665693117
4589,0.16848576267858628
4590,0.372399024583731
4591,0.34007243514552804
4592,0.2958895779827135
4593,0.43687200909596574
4594,0.3303826838328602
4595,0.2704704969886962
4596,0.38498120641956796
4597,0.420989782317223
4598,0.33196090208715195
4599,0.263954992980671
4600,0.3519473598800977
4601,0.3593337104311173
4602,0.2630439964648465
4603,0.19705004448596164
4604,0.43067487566044604
4605,0.2745629282918568
4606,0.20658245174906092
4607,0.21807715584399953
4608,0.2674486525030927
4609,0.42900021715471814
4610,0.3645980693340649
4611,0.4265427762318118
4612,0.37684192676224804
4613,0.34755202758254733
4614,0.2573085755534159
4615,0.3549487021335959
4616,0.13374117736401273
4617,0.30008503004732373
4618,0.20729367461116982
4619,0.34189016521632304
4620,0.37148367054627957
4621,0.3743722375614012
4622,0.6082826576154795
4623,0.3475882357448921
4624,0.2958879449747685
4625,0.3670940876847986
4626,0.4567145914479601
4627,0.3570310450714502
4628,0.33169742285513154
4629,0.33587384654117924
4630,0.22308680814041687
4631,0.30761886024444207
4632,0.2021968476738666
4633,0.20217585087185772
4634,0.21069238601750853
4635,0.3087894314984463
4636,0.4351133184036553
4637,0.3347435110498196
4638,0.23089984925647197
4639,0.17320069818880693
4640,0.33795000432196076
4641,0.35554113976951157
4642,0.24898238309162618
4643,0.26451508650499705
4644,0.3015399934996175
4645,0.41912941167357276
4646,0.2847336598338038
4647,0.4285057608879743
4648,0.42920995046157634
4649,0.3790000596526173
4650,0.2834060355378269
4651,0.2095584567420254
4652,0.32584810759524685
4653,0.25964265251575597
4654,0.5020220306312733
4655,0.395488115425771
4656,0.32145308180053034
4657,0.36924000035418625
4658,0.3736631514996988
4659,0.39010691616918136
4660,0.19036992371870126
4661,0.4392037408726037
4662,0.21729994719751958
4663,0.3218056237423707
4664,0.20394925889886725
4665,0.44733982028224095
4666,0.2213834690271793
4667,0.28462088578425304
4668,0.2507235063519641
4669,0.4105049621745813
4670,0.29162517474722105
4671,0.22896155391466674
4672,0.20063702619160634
4673,0.32041813319835427
4674,0.33498961096561736
4675,0.3995203435299422
4676,0.25364588592370163
4677,0.3872103610054784
4678,0.325791439500189
4679,0.406999334774064
4680,0.2594063375782401
4681,0.32039262578825295
4682,0.20689840219583414
4683,0.19373326576690014
4684,0.39737895900874826
4685,0.24218971262544312
4686,0.33403069579359285
4687,0.2861658130540774
4688,0.27997255929721904
4689,0.1567900434633895
4690,0.18065623039515838
4691,0.38626855535641097
4692,0.24655765844895636
4693,0.22043729155775732
4694,0.30698178270931686
4695,0.2490699303633502
4696,0.27361796590950127
4697,0.3033518362544133
4698,0.4157102622372298
4699,0.25621494813966633
4700,0.2800063906013359
4701,0.30705316410007566
4702,0.17862007853370976
4703,0.2281080213893223
4704,0.4587938575016661
4705,0.4040778869749259
4706,0.3132979984296541
4707,0.3945624625184066
4708,0.1876065429876531
4709,0.3966794376071573
4710,0.2959924819294848
4711,0.2951394739551346
4712,0.44151228888755456
4713,0.36926405267810913
4714,0.4355329693776695
4715,0.41275198280008496
4716,0.3303458682915653
4717,0.2189704168208135
4718,0.42469826251779597
4719,0.3448093168554586
4720,0.38337143755072534
4721,0.3442787786980794
4722,0.29118803269316224
4723,0.3739644676075589
4724,0.2566831824249256
4725,0.3971882507691933
4726,0.3702747672948836
4727,0.27742322228839067
4728,0.1665792440892287
4729,0.3423078934166835
4730,0.4317181460005514
4731,0.37301816390750786
4732,0.4658435631649279
4733,0.2163857016160999
4734,0.2998446269263853
4735,0.20489938691392115
4736,0.3406187470417774
4737,0.3745389333432523
4738,0.40966506058641855
4739,0.4110634496841009
4740,0.25051420552626774
4741,0.36581793814937574
4742,0.21064537143615233
4743,0.3934766410466677
4744,0.31273168559715403
4745,0.38749201253730126
4746,0.37070785971200143
4747,0.30715559234486434
4748,0.4315935754382756
4749,0.23524898726557442
4750,0.3542362147632354
4751,0.24822537936992398
4752,0.5768375220086329
4753,0.321096246912444
4754,0.31961481336825465
4755,0.5316096387547912
4756,0.3093218958922562
4757,0.19210515626764288
4758,0.60014094465282
4759,0.433537472136633
4760,0.3761436661114377
4761,0.4396527624832738
4762,0.4091977764196525
4763,0.20882199610532162
4764,0.318845858966159
4765,0.2869062146220774
4766,0.39905227218289346
4767,0.45487708251264364
4768,0.2698183780344356
4769,0.3227582753816101
4770,0.2652213591332202
4771,0.4161054976124588
4772,0.3396061248812691
4773,0.2914232273400923
4774,0.2537830145648156
4775,0.40452649807544355
4776,0.18618806594489792
4777,0.426862633431268
4778,0.3757722985129833
4779,0.25625590008966326
4780,0.38467543987642444
4781,0.3906907528851665
4782,0.23699733658776584
4783,0.3382074619700524
4784,0.29559572968620546
4785,0.2104432690711436
4786,0.3765940573005158
4787,0.3027976228725575
4788,0.3440302330340645
4789,0.44178568393659007
4790,0.4084889417860163
4791,0.2988280664190049
4792,0.4167559468939407
4793,0.4197916594203717
4794,0.34567489588822753
4795,0.20725668289462182
4796,0.41603675294425174
4797,0.4086236332176618
4798,0.2843061268597085
4799,0.26094844679148166
4800,0.37958466535499436
4801,0.4204217884794824
4802,0.28708261484738384
4803,0.19443051028353572
4804,0.3639227241188226
4805,0.3467043176499104
4806,0.2896048944791249
4807,0.5754276040474722
4808,0.2445530520093165
4809,0.3068907877145538
4810,0.36806955347537773
4811,0.32782200940483613
4812,0.3422983910553132
4813,0.27074363454692457
4814,0.2550651838909578
4815,0.44963334935335725
4816,0.24747520644965681
4817,0.3957401413036831
4818,0.3916957234685459
4819,0.38444817640697093
4820,0.2639651054856144
4821,0.37494620633667775
4822,0.2292923554783089
4823,0.22094586319600165
4824,0.298880715041538
4825,0.20857122776548298
4826,0.2605768200916485
4827,0.2855055756940244
4828,0.24209006706264996
4829,0.2809089171793181
4830,0.2672603988422054
4831,0.28627765262728033
4832,0.24544404241134754
4833,0.42363133413743065
4834,0.3160625708312155
4835,0.3853853407990885
4836,0.5145796792057088
4837,0.360595364419271
4838,0.42773049614251596
4839,0.270894392458484
4840,0.3523047671990305
4841,0.4270361681078605
4842,0.3079385601512356
4843,0.3754588733074755
4844,0.4220946264368728
4845,0.36983977984585015
4846,0.35470692620117084
4847,0.47094553935325256
4848,0.4177930299410814
4849,0.27967133371428254
4850,0.42973395520250895
4851,0.33231881884019737
4852,0.3271752667878837
4853,0.6050719351380667
4854,0.42081314848283213
4855,0.26154626748240367
4856,0.2908097923643736
4857,0.21323830543233438
4858,0.40328218740764477
4859,0.3624932849582121
4860,0.3946949311344225
4861,0.3852059608942317
4862,0.4088616499027443
4863,0.2974975696744394
4864,0.40762415430994253
4865,0.2658480107480529
4866,0.30048797994055093
4867,0.2683497240017896
4868,0.21105051420903892
4869,0.33377051139938624
4870,0.2535905870651186
4871,0.3681122099125798
4872,0.23428117876891222
4873,0.28033013110774646
4874,0.5475035397813056
4875,0.3878461982277925
4876,0.5302316135758451
4877,0.5272112541263304
4878,0.42396909208672007
4879,0.521449101917636
4880,0.21963833485489062
4881,0.384077282055951
4882,0.4438415763876292
4883,0.3634153593742738
4884,0.38474458455818145
4885,0.30050933161934984
4886,0.2820470621407486
4887,0.2255968466417163
4888,0.30380682697041833
4889,0.18998113971590555
4890,0.3945696404643658
4891,0.2289964168670797
4892,0.33420199009512935
4893,0.4287311127384074
4894,0.27137322306070183
4895,0.3173897519883001
4896,0.3995279162436698
4897,0.49252526045384043
4898,0.24037811876614615
4899,0.2610303921764421
4900,0.35428355494430064
4901,0.38745661650128715
4902,0.382945925760539
4903,0.24645242929642466
4904,0.4135686904169531
4905,0.456509883515374
4906,0.5993622193950907
4907,0.36889780675364414
4908,0.2106564180610043
4909,0.38286372590352824
4910,0.2523716688799355
4911,0.4274812665986864
4912,0.4843048287141324
4913,0.4621430973353577
4914,0.44158417904309955
4915,0.22509014948152672
4916,0.2606950998107308
4917,0.22443768456270516
4918,0.34061339500927496
4919,0.39833428860168596
4920,0.3877717794954966
4921,0.4217993698985737
4922,0.33977651718812646
4923,0.19681798462466238
4924,0.25518252098841837
4925,0.2613667084218618
4926,0.3780578628283498
4927,0.22353430523754775
4928,0.22085879134018557
4929,0.18081576595365
4930,0.376933171916217
4931,0.28986676570237474
4932,0.2324731263662449
4933,0.2343560386129658
4934,0.473847211860689
4935,0.2897347494107022
4936,0.21180487909917647
4937,0.2268675164297514
4938,0.2651105815888924
4939,0.26266424852168574
4940,0.37184585446479823
4941,0.36554680909954157
4942,0.20481258088436785
4943,0.3123405919627362
4944,0.2769634052863277
4945,0.40873049264216177
4946,0.38773944121190396
4947,0.21532938732143542
4948,0.43422250481369545
4949,0.23142895853734763
4950,0.4314809021664734
4951,0.36793685757072514
4952,0.2614831951673391
4953,0.20064108758827995
4954,0.331833443566836
4955,0.41149358828708205
4956,0.4216753669252482
4957,0.3117113710705496
4958,0.35610894590924275
4959,0.37310371001818
4960,0.16656832030232363
4961,0.3502282544700164
4962,0.4581079814634257
4963,0.36177704055096427
4964,0.37246766521126806
4965,0.4388722916896596
4966,0.43928459902446987
4967,0.41915100362463115
4968,0.2638630213011186
4969,0.3144076153224656
4970,0.20669802011800603
4971,0.358741445276166
4972,0.2982273029640868
4973,0.43122673352303303
4974,0.4413092632332652
4975,0.2688175271510432
4976,0.3291169097193881
4977,0.17790087962824344
4978,0.3032305257602982
4979,0.46678766261340743
4980,0.276072972178569
4981,0.25215693668837036
4982,0.3278171628219015
4983,0.6012086272634767
4984,0.4148455364589316
4985,0.3710076067171365
4986,0.3043053803657356
4987,0.42554976622956125
4988,0.24856338931751915
4989,0.3705897461040596
4990,0.3498828924804905
4991,0.30384901283255544
4992,0.36372757260483823
4993,0.13469451430785026
4994,0.3970762545220889
4995,0.3582792572254289
4996,0.23485499635722853
4997,0.4576489137107091
4998,0.3522456627015416
4999,0.3027824074291134
5000,0.3240729504965414
5001,0.4126564858001065
5002,0.2775394119326485
5003,0.31191321134169664
5004,0.39257557262760295
5005,0.240033002224729
5006,0.40626612892389197
5007,0.4126218699774216
5008,0.3608303046412169
5009,0.5279994791813667
5010,0.37252050576048573
5011,0.41081639501222045
5012,0.2914844409844186
5013,0.4396809780067303
5014,0.2107023946964841
5015,0.20795954691680585
5016,0.4545692089024922
5017,0.3736025500268957
5018,0.2700434788067556
5019,0.29731410672464026
5020,0.4327845651455128
5021,0.18569638125919435
5022,0.43042443577560086
5023,0.3996042947392075
5024,0.3200245606007671
5025,0.37355905487783
5026,0.41513046902854384
5027,0.30529807335450193
5028,0.21748873751839262
5029,0.43662510962487516
5030,0.32313506439891015
5031,0.2064810015409644
5032,0.42253639276049254
5033,0.3195649050140205
5034,0.42055359281690835
5035,0.2616495480945849
5036,0.4130372163720562
5037,0.37536433718494655
5038,0.25879318603840223
5039,0.29326913503498964
5040,0.27865465352934377
5041,0.33830521754082793
5042,0.28051193432564747
5043,0.30879530728523796
5044,0.45314196020998376
5045,0.5298033077667965
5046,0.13779923934919822
5047,0.244339816449554
5048,0.3728854395531637
5049,0.3928388556718505
5050,0.37235682288191363
5051,0.24961881316069476
5052,0.3873011393204815
5053,0.40138164846675584
5054,0.4599295520877743
5055,0.441423742188012
5056,0.3876767596856929
5057,0.35244182724204476
5058,0.3266753946442278
5059,0.27321007315862933
5060,0.40130313678748686
5061,0.23529627840256875
5062,0.25321192100764855
5063,0.4096541193322586
5064,0.2896974373586525
5065,0.26133791261249373
5066,0.23777284159025108
5067,0.21705828614787476
5068,0.14290977894037957
5069,0.19515930808752974
5070,0.25686684468003185
5071,0.41406252396204907
5072,0.29685099145417404
5073,0.4394169180389337
5074,0.2652367374287314
5075,0.29012483683110607
5076,0.44366362086339606
5077,0.37520145735248783
5078,0.27782898987568744
5079,0.41847013722375764
5080,0.22142128341716522
5081,0.4185980410393655
5082,0.3712646500961917
5083,0.21724020844670172
5084,0.3160621121475996
5085,0.3612991007620024
5086,0.27477057077819117
5087,0.2488381398882624
5088,0.3263717474795007
5089,0.34493511645691993
5090,0.2792332100836094
5091,0.3701595635250927
5092,0.3412134354600163
5093,0.2782206197784147
5094,0.41989309941663977
5095,0.37612500569410534
5096,0.19860316736579853
5097,0.35223922467441987
5098,0.3744197579903634
5099,0.17687842572983073
5100,0.2913409689366119
5101,0.2117261266151296
5102,0.3001720370513295
5103,0.2072974265223434
5104,0.31834488236128555
5105,0.2983871102393887
5106,0.4387938768322215
5107,0.41912941167357276
5108,0.3488720311450722
5109,0.44811667759629786
5110,0.35995897429784385
5111,0.34513355895221925
5112,0.2759670397906432
5113,0.3190319984145323
5114,0.21755895024586075
5115,0.374741926353489
5116,0.2942769533028385
5117,0.21541441086530597
5118,0.26563672430479074
5119,0.23642986217949502
5120,0.4506315060336496
5121,0.3848898031217298
5122,0.29285158767238845
5123,0.3891786863506564
5124,0.4240091744142361
5125,0.2004408641130925
5126,0.2066330954830911
5127,0.39720466291508116
5128,0.37113500975219726
5129,0.23692880622457088
5130,0.29770996609007006
5131,0.25935250191896114
5132,0.1994739012168144
5133,0.2899876354818022
5134,0.32589331412041017
5135,0.23860441188583384
5136,0.2428489218558423
5137,0.3626113648218463
5138,0.27162035734044204
5139,0.29978954881463077
5140,0.3968849833941388
5141,0.3858575103154553
5142,0.3110566399657087
5143,0.31545275685674407
5144,0.3297868900997845
5145,0.27536389654095234
5146,0.25366311552714593
5147,0.4138364381086037
5148,0.4886690388135315
5149,0.458459630565499
5150,0.2563226626622952
5151,0.37974096106044186
5152,0.41525782663437916
5153,0.28919630263996593
5154,0.4463684700513007
5155,0.20507758204215773
5156,0.23059836391812005
5157,0.3731669523987247
5158,0.20598420844528445
5159,0.41210913377060876
5160,0.41496839246217476
5161,0.2499463335206883
5162,0.3863892606854523
5163,0.3301402366428793
5164,0.3427350951783674
5165,0.3259526017593871
5166,0.3471041370574836
5167,0.2390059564667625
5168,0.27563547835400126
5169,0.46105414144083734
5170,0.30240840114158163
5171,0.37053555206031435
5172,0.26066586669686126
5173,0.3780839659959336
5174,0.32258758610494226
5175,0.38898972334153725
5176,0.31656320250835107
5177,0.32091668777217497
5178,0.3104202722231921
5179,0.46027663820672976
5180,0.2212820477337817
5181,0.4422687383330151
5182,0.3473986516505878
5183,0.2530066202727017
5184,0.2827183004968601
5185,0.17987735376740552
5186,0.4274742014987871
5187,0.29608395981359725
5188,0.36923154060730395
5189,0.4139379346210961
5190,0.1763857560703535
5191,0.3091470120407134
5192,0.20321407854161813
5193,0.36332003706532867
5194,0.4009238800409119
5195,0.24518135063805013
5196,0.36914485748619663
5197,0.2657635354786625
5198,0.3651167268860618
5199,0.28423916964276313
5200,0.42952195313616603
5201,0.2700066978354661
5202,0.2574695805593184
5203,0.33031412987859815
5204,0.3252082078021029
5205,0.3048879234595095
5206,0.2693087215977108
5207,0.3412989315594091
5208,0.39803954286856763
5209,0.3701809387029431
5210,0.2502252560591645
5211,0.29528869545000297
5212,0.27425238256040396
5213,0.3404590911839454
5214,0.3619646147191674
5215,0.38614425690035786
5216,0.3777313773451739
5217,0.31292109498810716
5218,0.2563720788396458
5219,0.3569007790903769
5220,0.44855605666491966
5221,0.38573742698893787
5222,0.37810881955831105
5223,0.3328833104768797
5224,0.24644648721665127
5225,0.4304129030419422
5226,0.39973802029998523
5227,0.18295900601145848
5228,0.3698217324754167
5229,0.3319294614498009
5230,0.3374110228714414
5231,0.34704700930546145
5232,0.41664124476054576
5233,0.406226929073599
5234,0.26459592441253954
5235,0.3489535976463124
5236,0.26177336277395724
5237,0.2945245995741359
5238,0.4124145142232585
5239,0.19301021405333327
5240,0.24231482272602173
5241,0.4419530626458347
5242,0.3582666879485995
5243,0.3534919358186571
5244,0.2108556455252868
5245,0.20032570643423953
5246,0.4022445365857695
5247,0.2667998464280531
5248,0.5597871703582729
5249,0.2939394937015859
5250,0.36566621749933614
5251,0.36574042219824404
5252,0.18686485074523948
5253,0.26838459995515335
5254,0.3427645025924467
5255,0.22687507329576717
5256,0.33327572315956844
5257,0.3916367221245368
5258,0.4557920086198998
5259,0.22934343949804806
5260,0.28554126864483126
5261,0.38959189045101433
5262,0.24096386960422553
5263,0.19116718861827306
5264,0.5955561088685495
5265,0.3311722989895699
5266,0.3513694015497191
5267,0.17977502985835678
5268,0.4248349331339552
5269,0.22407425392704228
5270,0.2634924850650343
5271,0.38932297701611207
5272,0.44490160401710943
5273,0.36736576391724396
5274,0.2143998578415637
5275,0.5091592111428335
5276,0.33862949250210145
5277,0.18422315489290347
5278,0.27175478051444096
5279,0.39042161328158514
5280,0.3466626735538704
5281,0.367027720761389
5282,0.23665509771437226
5283,0.2511405268404997
5284,0.22604930990220026
5285,0.3316435583319172
5286,0.42473845358334034
5287,0.3480149145633034
5288,0.33167849193328414
5289,0.3914386919316691
5290,0.19720886741819643
5291,0.3102526328720448
5292,0.2463377948503782
5293,0.38717908487695846
5294,0.5707464726393634
5295,0.264328538522692
5296,0.3278168294560946
5297,0.3938530466232498
5298,0.24676776827570715
5299,0.3737524443571437
5300,0.23234010704477445
5301,0.3728078680244737
5302,0.23756335020911007
5303,0.45464922988142015
5304,0.36596504918848277
5305,0.2745317645945064
5306,0.3149158534982594
5307,0.2897888134775023
5308,0.27598282102727156
5309,0.3293014527904416
5310,0.16884078059696825
5311,0.38330798963869683
5312,0.17674699232544305
5313,0.21797195359667132
5314,0.49588652280886675
5315,0.20479569099369083
5316,0.36296969685727776
5317,0.28422690045441085
5318,0.4372226371641946
5319,0.2833521863300172
5320,0.30321829404938366
5321,0.41859967486174765
5322,0.18220550616816245
5323,0.38664916780886366
5324,0.371784256064037
5325,0.3594198772950229
5326,0.29066196919846343
5327,0.3531037768804744
5328,0.1745228711405748
5329,0.38927488854309433
5330,0.3314030530548547
5331,0.18403214533347723
5332,0.27579320204596636
5333,0.3168269237920766
5334,0.4502816398998268
5335,0.26492541206882303
5336,0.3900660621395878
5337,0.3481504600577744
5338,0.2570269998313415
5339,0.2706714040962436
5340,0.16472093037726687
5341,0.17914238466847773
5342,0.352337107407957
5343,0.3918959895524348
5344,0.3732935164706052
5345,0.33455363407478644
5346,0.4362278983112191
5347,0.4013371596515981
5348,0.13328364240586899
5349,0.36442368759780164
5350,0.17834854604591233
5351,0.2482490159514102
5352,0.38906707882176206
5353,0.3494638233324479
5354,0.46698920497463986
5355,0.4452863738143817
5356,0.594023535007778
5357,0.4046427957981505
5358,0.34650850239333403
5359,0.35037789664523855
5360,0.4066299056219935
5361,0.252195539373102
5362,0.30810023927325597
5363,0.4283936669073708
5364,0.2875350712559033
5365,0.37258816180272547
5366,0.4058643941189417
5367,0.5974786451132372
5368,0.340773254904297
5369,0.23874793858201088
5370,0.2796560294718008
5371,0.3646855490214607
5372,0.36970501173751075
5373,0.3946560231876509
5374,0.25778570368182485
5375,0.20378259897365708
5376,0.5662681122394047
5377,0.3401992220126954
5378,0.29039822154462064
5379,0.19062533108731222
5380,0.5882718963695571
5381,0.3525756590055428
5382,0.28719622999056704
5383,0.19517433115382846
5384,0.37944412745460654
5385,0.21814274742816228
5386,0.24210192968632716
5387,0.39826187227112014
5388,0.27212914938872695
5389,0.42609004136104184
5390,0.35389879716372796
5391,0.25944999522331624
5392,0.3664647855747145
5393,0.20930320583716178
5394,0.2991875552050611
5395,0.3449111103212722
5396,0.4099469935557734
5397,0.17306196694724643
5398,0.253563127014784
5399,0.19407049468472423
5400,0.26150305397450124
5401,0.38813317417513254
5402,0.3416800897030591
5403,0.17526489936879006
5404,0.2954499561944848
5405,0.178325567464257
5406,0.31940410262826396
5407,0.20082101312130762
5408,0.16784475046567582
5409,0.25761519069633176
5410,0.43394393567027095
5411,0.3649617710316684
5412,0.4049998251333703
5413,0.1773445654553932
5414,0.2915357234781309
5415,0.2542751562732869
5416,0.3922933829604948
5417,0.39152095365806916
5418,0.3761500356541162
5419,0.2576533115323554
5420,0.5855579576750609
5421,0.2084715036841989
5422,0.2657886579188143
5423,0.2624601749047986
5424,0.5765556123952401
5425,0.31511872968402665
5426,0.3377647774173117
5427,0.3738646269651602
5428,0.23210336859177322
5429,0.40477723911980207
5430,0.23321167285719988
5431,0.35085828469952995
5432,0.14672782462416087
5433,0.43417254835444874
5434,0.33909382058621645
5435,0.16990999243497906
5436,0.24945648627380243
5437,0.5616565849532532
5438,0.4158750251934374
5439,0.3935883843040846
5440,0.4493368655553398
5441,0.24219559069019375
5442,0.43887406025220455
5443,0.27503912594134755
5444,0.2820987065630201
5445,0.22574830366377868
5446,0.21501852931004659
5447,0.25978700891332207
5448,0.41092481838784756
5449,0.37636864252506785
5450,0.44347873412964023
5451,0.21089744460547485
5452,0.30624650076863064
5453,0.31925052685852684
5454,0.26288224252077574
5455,0.20328168992404425
5456,0.36199485387890135
5457,0.19487801233229995
5458,0.357317506045581
5459,0.4112119010263604
5460,0.4212414216646422
5461,0.3191405088853991
5462,0.5764173159586923
5463,0.43205490440260824
5464,0.27899121052914444
5465,0.2858105191338121
5466,0.19379958349437845
5467,0.2590197442813987
5468,0.27655801148665243
5469,0.39010264553662566
5470,0.28579722200319657
5471,0.40290358216678074
5472,0.2144736178700845
5473,0.33619138150272215
5474,0.20858068337355365
5475,0.21735553807786873
5476,0.27276537327342926
5477,0.2361749550399473
5478,0.3659578298905558
5479,0.2659177421707395
5480,0.20575170314038405
5481,0.3742582754445028
5482,0.3721432828099767
5483,0.22292323580888884
5484,0.19722927538900317
5485,0.42059774693377305
5486,0.22982951107295488
5487,0.23451050383565492
5488,0.35225381114360343
5489,0.2856521416173586
5490,0.38891190887674354
5491,0.30036373564087787
5492,0.3359988078345566
5493,0.19601691698321008
5494,0.2613736774414364
5495,0.37307454187676403
5496,0.3877717794954966
5497,0.34585140162524186
5498,0.26004362315525886
5499,0.31964461828757235
5500,0.25844831910748467
5501,0.43142849187139076
5502,0.39294322365466977
5503,0.1714743530200267
5504,0.2784069461037991
5505,0.3614758524289048
5506,0.35676772025240405
5507,0.42187649848219705
5508,0.40704416233196405
5509,0.2737465678476565
5510,0.18740169664921058
5511,0.3588090945207209
5512,0.27487079947424203
5513,0.43975265332082836
5514,0.2968609992167398
5515,0.30316872128498196
5516,0.24054512876126177
5517,0.39430843628537265
5518,0.43422274192741006
5519,0.4513460337129231
5520,0.3750032359364107
5521,0.17855384355757895
5522,0.3961112354445019
5523,0.3849366963315229
5524,0.25947871044793375
5525,0.41835384938553255
5526,0.35516672103631125
5527,0.26645718268940555
5528,0.4007163368173833
5529,0.33790162183852024
5530,0.3074246366942037
5531,0.2687370600691085
5532,0.3344158253590938
5533,0.342214384968226
5534,0.17953701512306391
5535,0.14607667018653211
5536,0.34183011300782273
5537,0.17134402534002063
5538,0.41124732149786725
5539,0.4207915223940998
5540,0.4191008436353101
5541,0.4396676142059588
5542,0.39906243961825455
5543,0.32477769551707253
5544,0.37735848605951394
5545,0.32437647970193256
5546,0.21479409666369528
5547,0.23294085935340003
5548,0.2067458245542638
5549,0.1876635906134872
5550,0.2490190796251456
5551,0.2801456107084864
5552,0.3122512497029599
5553,0.4230245513095044
5554,0.3799594058659258
5555,0.25548954771852356
5556,0.30547023890098274
5557,0.4134886106869942
5558,0.3571709625537565
5559,0.3321316438782665
5560,0.23958104821248008
5561,0.35569080684977805
5562,0.411775859948271
5563,0.3450459032397884
5564,0.38717776541009546
5565,0.3028707044870291
5566,0.28204208276503423
5567,0.2612446850888971
5568,0.2995888914409339
5569,0.3227285361782656
5570,0.5634497143230809
5571,0.37725458244251664
5572,0.25066236816061616
5573,0.4441951501725434
5574,0.3371736892418041
5575,0.2802075200497045
5576,0.23862381397771737
5577,0.18647091052894996
5578,0.302118579144819
5579,0.42929186089293636
5580,0.4046984893295641
5581,0.1973182060528893
5582,0.4193892070323539
5583,0.24570855703896533
5584,0.35336412517941673
5585,0.3472194248685929
5586,0.3314835805954753
5587,0.4137863613802336
5588,0.2591148524961617
5589,0.5861333761129331
5590,0.3631062034380514
5591,0.2786255158661016
5592,0.3717734696568752
5593,0.35892725669187053
5594,0.33681847339216076
5595,0.36249493690022183
5596,0.35434473760890606
5597,0.4134886106869942
5598,0.248679537343418
5599,0.29434831495740515
5600,0.33323316505501
5601,0.41822176616629547
5602,0.2548439030420221
5603,0.429654147255667
5604,0.4436025532349807
5605,0.4360200693318913
5606,0.39475555552061875
5607,0.2696262052543731
5608,0.29864530483937207
5609,0.36001611576788695
5610,0.4197853620201719
5611,0.22444610033762555
5612,0.30970328351019366
5613,0.19994338128961708
5614,0.3844044380621575
5615,0.2707882064451864
5616,0.4058502663643671
5617,0.2771891065638228
5618,0.2888751304599611
5619,0.35796963015049216
5620,0.4002211705452387
5621,0.29948219758390787
5622,0.3517963976756758
5623,0.2887204768735626
5624,0.1945689552714702
5625,0.33878683736470394
5626,0.297405660720467
5627,0.25846248328799615
5628,0.35096407421378145
5629,0.27269664408554367
5630,0.38852702827716107
5631,0.2859629126302911
5632,0.3710593556210122
5633,0.26286927949357575
5634,0.2361554338658545
5635,0.24659816079143929
5636,0.4079026467039848
5637,0.25351441185582724
5638,0.3731564464962428
5639,0.2352697587065293
5640,0.4326131635298636
5641,0.36835797430761585
5642,0.21127582828266153
5643,0.25598084593655135
5644,0.5662128387165251
5645,0.27700127583222833
5646,0.369223925261533
5647,0.3662620765119909
5648,0.2619993058001482
5649,0.3557387936665431
5650,0.22662632836397192
5651,0.333969156515466
5652,0.3590977372886016
5653,0.4059661429651832
5654,0.3099040237981326
5655,0.38928686543770785
5656,0.4237944276208511
5657,0.37076145112401027
5658,0.13245352753016212
5659,0.45489349724315564
5660,0.2420325747278775
5661,0.25445155950021414
5662,0.2979878988844731
5663,0.36059373050353216
5664,0.43345875085970675
5665,0.32411565784054924
5666,0.40397104758446367
5667,0.4114456583966766
5668,0.255508480579091
5669,0.22184436052111867
5670,0.1627321792095815
5671,0.3721074168747295
5672,0.3428572479310792
5673,0.17039355554888616
5674,0.3551818208327986
5675,0.2715675926754411
5676,0.24664925697268608
5677,0.2806797703127333
5678,0.46155034374572934
5679,0.34273139289740534
5680,0.25483526403246054
5681,0.2861586808480635
5682,0.20653968895304775
5683,0.27093315700622933
5684,0.38490946636143275
5685,0.36684187238828886
5686,0.34868652809942274
5687,0.43051317639930775
5688,0.37728812623070956
5689,0.3905246799937412
5690,0.40734990499147306
5691,0.2767353890204467
5692,0.41259638881313276
5693,0.3652627083896396
5694,0.2577089229242651
5695,0.3681491924445632
5696,0.4006306786544295
5697,0.3140316501443878
5698,0.4103349155913963
5699,0.2482876290825302
5700,0.32238615715297214
5701,0.24971163006509442
5702,0.3103743973740004
5703,0.3169266198097669
5704,0.15106437369807038
5705,0.2867615730807135
5706,0.43025088722656385
5707,0.27783840926581077
5708,0.41543709056210365
5709,0.43317187528229895
5710,0.4128700754423748
5711,0.3650931199254335
5712,0.20856547168106168
5713,0.3193948236679886
5714,0.35642533271766197
5715,0.4372029014784051
5716,0.24599435812386022
5717,0.2029817629133062
5718,0.2536147126022216
5719,0.40486757269695645
5720,0.16878273469495508
5721,0.4043278800183829
5722,0.21015162694402126
5723,0.2548643711380513
5724,0.20838970766635712
5725,0.23543294651542163
5726,0.26261652121928364
5727,0.21189543987725018
5728,0.2872287503098749
5729,0.30401458230508577
5730,0.28496977692759534
5731,0.2830436674801949
5732,0.3833323916083126
5733,0.3833032612968333
5734,0.4619804269337995
5735,0.22470042033986323
5736,0.38450033138213596
5737,0.4150418694982843
5738,0.23258719139713796
5739,0.2826518727786302
5740,0.20760372520636333
5741,0.22410768136851197
5742,0.4188677241719771
5743,0.29402704824496895
5744,0.3171280303546346
5745,0.4068396845200315
5746,0.22776054815890096
5747,0.18210939937590556
5748,0.32209548384610204
5749,0.29328390528729775
5750,0.3097403872565102
5751,0.43140940185033666
5752,0.3726815072278623
5753,0.236598643949497
5754,0.3493319779060965
5755,0.2071103499317203
5756,0.22982026723759286
5757,0.4469009519218203
5758,0.2781041057625421
5759,0.3663358474092777
5760,0.34916519135855273
5761,0.243189859371453
5762,0.4207258913283
5763,0.25160680728893137
5764,0.26190964612074913
5765,0.28338501863336796
5766,0.21177056774288208
5767,0.21585162527682755
5768,0.3077285998197789
5769,0.41053979487756254
5770,0.5189306939783065
5771,0.4471597736157779
5772,0.30232504312935865
5773,0.20878678994502997
5774,0.3381067326242023
5775,0.5887449884859065
5776,0.2892364742531036
5777,0.4361728654672495
5778,0.44457799436156487
5779,0.36804564112630883
5780,0.413894992834928
5781,0.30726814811862085
5782,0.429193911733667
5783,0.29164918790892996
5784,0.19836829894694896
5785,0.22273041336873511
5786,0.39278260778378415
5787,0.38466010346806406
5788,0.330482084945587
5789,0.20961470550460273
5790,0.22904276286327657
5791,0.23245575357711018
5792,0.34933193484302094
5793,0.3515131983233654
5794,0.2987281213071319
5795,0.33200962423586555
5796,0.23158856662453073
5797,0.42374357518230726
5798,0.3709087069494503
5799,0.42055697186884833
5800,0.17694766443917764
5801,0.20943096344638115
5802,0.40053990242702275
5803,0.23760507070221096
5804,0.4176234771590303
5805,0.4091288483081412
5806,0.2786061166426682
5807,0.3840369377480259
5808,0.25244615825005173
5809,0.30326578777883095
5810,0.2955941754272748
5811,0.2832151313869474
5812,0.5335835290230465
5813,0.3109246653918358
5814,0.3617447198247002
5815,0.3581630787944634
5816,0.2037114652962889
5817,0.3665894317124406
5818,0.4032169078359252
5819,0.39589172592738786
5820,0.44973141536963046
5821,0.34757563866069374
5822,0.42105775898266445
5823,0.29775412127467643
5824,0.27968556729724015
5825,0.24167147657081756
5826,0.43295137575954423
5827,0.3893587473905093
5828,0.22972991516458316
5829,0.19086660536437336
5830,0.45284792602861523
5831,0.5663061281627366
5832,0.3388757177421516
5833,0.37091615218941615
5834,0.31293965995324874
5835,0.25263850380286185
5836,0.5724882048800403
5837,0.33249814826718094
5838,0.45761198383788915
5839,0.399625658673829
5840,0.4406445369838069
5841,0.5778590605104572
5842,0.39595682008073757
5843,0.46691909964397077
5844,0.1533604590427953
5845,0.4322839478689079
5846,0.27079696377883106
5847,0.3988935783307479
5848,0.3763201059116766
5849,0.21522251112312552
5850,0.2043544833820122
5851,0.29549904251891784
5852,0.28968348090038665
5853,0.3180511987558866
5854,0.1995682486037748
5855,0.45687720244194174
5856,0.3296700014573812
5857,0.22766244302415836
5858,0.15006350700790436
5859,0.35952223157177615
5860,0.32170061166106123
5861,0.2069679328202146
5862,0.2365898477828174
5863,0.2395190784083574
5864,0.44036252400816467
5865,0.2652974038260548
5866,0.3929926473692876
5867,0.22055593115557293
5868,0.3722061919521482
5869,0.39813943395368384
5870,0.26550948665503543
5871,0.4094113819780144
5872,0.28604704545522036
5873,0.3070061139574513
5874,0.20712566066162005
5875,0.2889116645547982
5876,0.4353985974929124
5877,0.41513046902854384
5878,0.39138817979815976
5879,0.4119100181092954
5880,0.42290519865578347
5881,0.4159238230545347
5882,0.3100907455431139
5883,0.3245603129609982
5884,0.18622547203152165
5885,0.2731235108983246
5886,0.21594215896252808
5887,0.5533745634438815
5888,0.22668465751079553
5889,0.5712441409765617
5890,0.37854759172872304
5891,0.42182276980052813
5892,0.3867448981060502
5893,0.325459807198366
5894,0.35051088189530183
5895,0.4220029250700793
5896,0.35451171556433
5897,0.3424102956723384
5898,0.1793207284372895
5899,0.20930790416438916
5900,0.18974849153909268
5901,0.3059139305961076
5902,0.29124145918158095
5903,0.26202039429089174
5904,0.26382793731328463
5905,0.3815916190797884
5906,0.3517845822958001
5907,0.3774918880273669
5908,0.40451932307339145
5909,0.2558784333793803
5910,0.28488597272002436
5911,0.2591582744584516
5912,0.25274916841143946
5913,0.3425782713810354
5914,0.23989238466113197
5915,0.3571790139423124
5916,0.3674861597984431
5917,0.4421107797460553
5918,0.4328754098987293
5919,0.4120220738624118
5920,0.2248803410220562
5921,0.2444287606962805
5922,0.2972128878249903
5923,0.4246510953412631
5924,0.4120109068281884
5925,0.18042773233915263
5926,0.3497002018722684
5927,0.43339222297735414
5928,0.20088367851050318
5929,0.20083966631703493
5930,0.3762674155207461
5931,0.25084298513673936
5932,0.4421146507513358
5933,0.14785629520263888
5934,0.31182786765180825
5935,0.3242833391904795
5936,0.2533032138000314
5937,0.47615897415115405
5938,0.3256040827957882
5939,0.4013117160906938
5940,0.3364918397620738
5941,0.3347871140701113
5942,0.251651591674718
5943,0.41607072926811317
5944,0.176960937235976
5945,0.2134163132918785
5946,0.24254105481320803
5947,0.20593469089431138
5948,0.43254145252486237
5949,0.2578547841626875
5950,0.3912412055144449
5951,0.4183796996931571
5952,0.3485415167004565
5953,0.2870952848699377
5954,0.2442810668072289
5955,0.43087425279256897
5956,0.2818372903719622
5957,0.3754052831322781
5958,0.2796213093048193
5959,0.27023122238221725
5960,0.47253011090177033
5961,0.23501372899102382
5962,0.3511801334431708
5963,0.24611676673372332
5964,0.4284149421369792
5965,0.25147631875980286
5966,0.5897454665856228
5967,0.3854760745664304
5968,0.447162588903459
5969,0.4544217033417186
5970,0.2783147711753802
5971,0.44019980957822724
5972,0.21941940055339612
5973,0.3467694904147915
5974,0.4424442398027453
5975,0.5596746533787321
5976,0.2584552029755815
5977,0.4336291919397652
5978,0.40650447493053526
5979,0.44690748967335897
5980,0.37037807296008707
5981,0.4424001547978465
